transaction_id,date,amount,category,user_id
T001,2026-01-01,500,Food,U001
T002,2026-01-01,750,Shopping,U002
T003,2026-01-02,120,Food,U003
T004,2026-01-02,1500,Electronics,U004
T005,2026-01-03,650,Food,U001
T006,2026-01-03,900,Shopping,U005
T007,2026-01-04,450,Food,U002
T008,2026-01-04,1250,Shopping,U003
T009,2026-01-05,550,Food,U004
T010,2026-01-05,50000,Electronics,U006
T011,2026-01-06,700,Food,U001
T012,2026-01-06,850,Shopping,U002
T013,2026-01-07,600,Food,U003
T014,2026-01-07,950,Shopping,U004
T015,2026-01-08,45000,Electronics,U005